row_id,why_ambiguous,dbi_category,my_label,YOUR_LABEL,text
row-5xz3-kmsk-4qjz,three or more groups match,building section,lead_paint,peeling_paint,"remove and properly dispose peeling and flaking paint at exterior to prevent a lead hazard and apply a new weather proofing paint. see attached lead hazard warning. (703 & 1301 sfhc) the left and right sides of this building that is visible from the street elevation, the paint around the wood siding"
row-hcdk~rbap.8jnq,paint: lead vs peeling,interior surfaces section,peeling_paint,interior_surfaces,"repair damaged ceilings (1001b,h,o hc) repair damaged portions of ceiling in room 13. at time of inspection, there were areas of missing/peeling paint, and cracking seems at ceiling. replace duct vent cover at ceiing."
row-ksvb~safu-9x8z,permit language wrapping a condition,building section,electrical,electrical,"provide plumbing and electrical permits for the laundry machines (301 hc, 103 pc, 89.120 ec)."
row-84uj.zmyb_9yaq,three or more groups match,building section,fire_safety,fire_safety,"provide automatic fire sprinklers over garbage receptacles 904, 906.4, 1001i sfhc any trash receptacle stored inside must be in a sprinkled area. provide sprinklers to the trash area. *** this item requires plumbing permits or move the trash to an area open to blue sky. egress corridors and under wo"
row-34i4-xuf6-kiy5,three or more groups match,interior surfaces section,lead_paint,mold,"eliminate mold/mildew on walls (1301,1001b(13),1306 hc) eliminate the mold and mildew currently existing at the following locations: areas should be cleaned, sanitized and repainted with a mold resistant paint. a) rear exterior left corner walls at window facing backyard b) bedroom #2 walls at exter"
row-w9qt-airm~urdc,no pattern matched,building section,(none),,see dbi notice of violation see dbi notice of violation
row-be7i.z6du.u7ir,permit language wrapping a condition,building section,(none),floor_stairs,"provide handrails (802(c),1001(b)(13)hc) provide handrails to the rear exterior stairway. a building permit is required for this work."
row-yz66_6tgc~5tsw,permit language wrapping a condition,building section,(none),plumbing,"provide plumbing permit for water heaters (1001(b)(7),(8),&(g)hc) 3 newer water heaters observed in garage. no evidence of recent plumbing permits issued. note: plumbing permit required, make sure that all permits have been signed off prior to contacting housing inspector for final inspection (103.1"
row-u47f~y7vz_hzks,permit language wrapping a condition,building section,(none),weather_windows,"repair all windows glazing seals, sash cords, sash frames and latches or hardware (1001(h), (j), & 708 hc) throughout builiding there are windows in different states of disrepair. ensure that all windows in building are repaired in an approved manner and functioning correctly. all windows must open"
row-vpag_gic9.iys7,no pattern matched,other section,(none),,"inspector comments important note: it is the owner's responsibility to attend the reinspection scheduled below (or to send a representative), present the finalized permits/job cards, and provide access to the areas cited. if this is not possible, it is the owner's responsibility to obtain another in"
row-mdu3~ui8c.e3zr,no pattern matched,other section,(none),,inspector comments (nuisance (401(2) (1001(d) hc) this property has been deemed a nuisance.
row-j4sr.hxb6.atz2,three or more groups match,building section,fire_safety,sanitation,"clean and sanitize the common areas 1306 sfhc the common areas of the building are marked and dirty. wipe down all horizontal surfaces of accumulation. remove the black marks and filth along the stairs on wall surfaces, picture rails, base boards, door jambs and casings, window sills and sashes, sur"
row-4rs2_wy2w-tz8t,no pattern matched,other section,(none),heat_hot_water,provide heat to each occupied habitable room for 11 hours between the hours of 6:00 a.m. and 12:00 midnight capable of maintaining a minimum room temperature of 70f. (701 hc) provide the required heat for the rear bedroom of #3825.
row-k6it-23xx~hvxf,no pattern matched,building section,(none),,inspectors comment there were no violations observed at the time of inspection. submit the completed affidavits and maintenance cert by the reinspection date; there will be no onsite reinspection. contact the inspector if you're unable to complete by the reinspection date. affidavits and documentati
row-3229.wmd8.e7rc,permit language wrapping a condition,interior surfaces section,plumbing,interior_surfaces,"repair damaged walls & ceilings (1001b,h hc) repair the water damaged walls and ceiling in the living room of the upstairs unit. a building permit is needed for this work."
row-dzr6-ndki-jsrq,paint: lead vs peeling,building section,(none),lead_paint,"restrict access 1001d, k sfhc , 327.4.1 sfebc establish a regulated work area that restricts access to only those qualified to handle or disturb lead paint. containment must be established in a way that allows safe passage in and out of the building for building occupants without exposing them to le"
row-njfz~vdhz-at8k,three or more groups match,building section,lead_paint,peeling_paint,"repair weather proofing on siding (1001(h),703 hc) there was peeling paint noted throughout the exterior of the building. remove damaged paint and apply new weatherproofing as required. remove or cover damaged paint in an approved manner to prevent a lead hazard."
row-w6tj.58ef.i9ab,three or more groups match,plumbing and electrical section,(none),weather_windows,"repair/replace all window hardware, glazing seals, sash cords, sash frames and latches or cranks/operator handles (708 & 1001(h),(j) hc) windows in unit are in different states of disrepair. ensure that all windows in unit are in proper working order. all windows must open, remain open, and close se"
row-yie7~2ht2-tqd5,paint: lead vs peeling,interior surfaces section,(none),interior_surfaces,"repair damaged ceilings (1001b,h,o hc) secure, patch, plaster and paint unfinished sheetrock ceiling at family room area. you are required within 15 days to file a building permit application and commence repairs. you are required to complete the work within 30 days. signed permits must be presented"
row-j4tb.ixr4-nv73,no pattern matched,plumbing and electrical section,(none),ventilation_light,provide adequate lighting (504g hc) repair exterior lights on hampshire and 24th street side of building.
row-4izp~mfdm-cy6z,paint: lead vs peeling,interior surfaces section,peeling_paint,peeling_paint,"follow san francisco lead ordinance regulations ********important******* all peeling paint and substrates are assumed to have lead content. all paint chips and dust must be contained and removed per the san francisco existing building code. because removal of lead chips and dust is a specialty, the "
row-4vpr-b4vi~d9tp,paint: lead vs peeling,interior surfaces section,lead_paint,peeling_paint,"damaged paint (1301)sfhc (327)cebc this statement applies to all work areas, exterior and interior, where painted surfaces are affected. remove or cover damaged paint in an approved manner to prevent a lead hazard. see attached lead hazard warning."
row-uu39.s2z9~bh7z,three or more groups match,building section,(none),,"building permit required (301 hc) at the time of re-inspecting for nov # 201985721, at the rear exterior, a 1 story new deck was being constructed without the benifit of a permit. new deck was approx 25' wide, streching from property line to property line, approx. 5' in depth and approx. 10' off the"
row-md7i-xxx5_mhcm,paint: lead vs peeling,interior surfaces section,electrical,interior_surfaces,"repair damaged walls (1001b,h,o hc) 1. repair and paint all deteriorated walls and ceilings. 2. obtain building and electrical permits to repair the partitions/ceiling of the bathroom."
row-4k6n~2z7k-zpt2,three or more groups match,building section,plumbing,weather_windows,"repair the spalling concrete 1001 b13, c4 sfhc the sills and walls below the leaking windows are spalling. the concrete has deteriorated. remove damaged or contaminated materials and replace with new. prep, prime and paint to complete the repair."
row-f69m-rki5_fzvw,paint: lead vs peeling,interior surfaces section,plumbing,interior_surfaces,"repair damaged ceilings (1001b,h,o hc) at time of inspection, leak damage was observed in the following ceiling areas of unit#305: kitchen, living room, bathroom. repair and repaint in an approved manner. at time of inspection, no active leak was observed. however, there were signs of possible leak"
row-ink2_bdji.kibf,paint: lead vs peeling,interior surfaces section,plumbing,plumbing,"repair source of water damage (703,1001f hc) once source of water damage/intrusion into unit is located, repair source of water damage in an approved manner to prevent further water damage/intrusion. repair/replace any water damaged building materials (dry wall, plaster, paint, carpet, etc.), ensure"
row-rzuc.nvm6_vxgr,permit language wrapping a condition,plumbing and electrical section,electrical,Electrical,"remove gas line (1001(f)hc) relocate gas line from current location next to stove which runs vertically between floors and place it in required location in room #57, current location is not acceptable and must be moved immediately, plumbimg permit is required: *note* permits must be signed off by as"
row-u3hy_rqa3~bn3n,three or more groups match,interior surfaces section,lead_paint,mold,"eliminate mold/mildew on ceiling (1301,1001b(13),1306 hc) once the source of the leaks is repaired, the ceiling should be repaired. remove all damaged or contaminated material and replace with new. this is a fire rated assembly and requires a one hour fire rating in repair. replace the drywall with"
row-sban~4jbf~8str,permit language wrapping a condition,building section,(none),weather_windows,"repair/replace all window hardware, glazing seals, sash cords, sash frames and latches or cranks/operator handles (708 & 1001(h),(j) hc) repair window in second bedroom from front. at time of inspection, sash cord was broken and window not capable of staying open. ensure that all window hardware is"
row-z9mc.z5sa~b32t,no pattern matched,other section,(none),,"important note: this property is defined as a nuisance per sec. 1001-d of the sfhc. please open for inspection all common areas of the building at time of reinspection. please review the attached ""notice of violation warnings"" for information regarding failure to comply with this notice."
row-796y_yaux_qyz2,paint: lead vs peeling,interior surfaces section,lead_paint,peeling_paint,"damaged paint (1301)sfhc (327)cebc this statement applies to all work areas, exterior and interior, where painted surfaces are affected. remove or cover damaged paint in an approved manner to prevent a lead hazard. see attached lead hazard warning."
row-givd~5wwp~rv77,no pattern matched,other section,(none),,inspector comments (nuisance (401(2) (1001(d) hc) this property has been deemed a nuisance.
row-2edt~vhe8-jjpn,three or more groups match,building section,lead_paint,peeling_paint,weather proofing on stucco and siding (703)(1001(d)(h)(1301) sfhc there was peeling paint noted at the exterior walls of the building. obtain the services of a lead abatement contractor to remove damaged paint and apply new weather proofing as required. remove or cover damaged paint in an approved m
row-bmc9.4wvr-cvh5,permit language wrapping a condition,building section,(none),weather_windows,"repair window sash frame (1001(h),708 hc) repair the damaged windows at the rear wall of the building. individual window sash may be replaced in kind without a building permit. if window assemblies are replaced with new windows a building permit is required."
row-gdu8.x893-yxns,permit language wrapping a condition,fire section,fire_safety,fire_safety,"remove egress obstruction (801,1001(l) hc) entry gate on ground floor has a double cylinder dead bolt which not permitted. all exit doors must be operable, without a key, from the interior. remove double cylinder lock and install self locking device that is operable from the inside without a key."
row-s37i-ccsu_v6zs,permit language wrapping a condition,building section,fire_safety,fire_safety,"licensed architect, structural engineer, contrator, or pest control contractor required to inspect all building attachments (604(a), 1001(b.13)(d) hc) stairs, walkways/decks, fire escapes, &/or other building attachments not mentioned herein: the department of building inspection requires all owners"
row-3ws7~8kdw-w2em,paint: lead vs peeling,interior surfaces section,lead_paint,interior_surfaces,"repair damaged ceiling, walls, & trims (1001(a),(b)(13),(l) hc) a. remove flaking/peeling paint, and repair cracks in plaster, observed at ceiling and walls throughout unit. b. repair loose and damaged door trim at water heater closet. c. replace damaged/ missing panels at wall below kitchen sink. f"
row-igxc.y8ei-vbbb,permit language wrapping a condition,plumbing and electrical section,(none),plumbing,provide plumbing permit (103.1.1 pc) required for replacing plumbing lines. provide a copy of all finaled permits to the housing inspector at the time of re-inspection.
row-wemv-9tcj_bacv,no pattern matched,other section,(none),,inspector comments violations cited herein constitute a nuisance pursuant to sections 401 and 1001(d) of the san francisco housing code. it is the property owner¿s responsibility to be present or direct his/her representative to attend the reinspection as scheduled on this notice of violation for th
row-2zyp-na5d~2gdc,no pattern matched,other section,(none),,"inspector comments you are required to complete work within thirty days. you must call to re-schedule a reinspection if work is not complete by the date noted. note: in order to avoid telephone tag, please do not leave phone messages to set-up reinspections. in order to set-up a reinspection, please"
row-he7m.ti6s-dp7w,paint: lead vs peeling,interior surfaces section,floors_stairs,interior_surfaces,"repair damaged walls (1001b,h,o hc) repair, patch, texture, and paint the damaged wall at the rear stairs near room 220."
row-d69c~42cf.xqj5,no pattern matched,building section,(none),,provide shutoff tool for gas utility shutoff (712 hc) post enclosed gas meter instructional diagram in a public area. (712 hc) located at gas meter of the property.
row-hghc-3ha6.yc8c,three or more groups match,building section,lead_paint,peeling_paint,"remove or cover damaged/peeling paint in an approved manner to prevent a lead hazard. see lead hazard warning (1001k,1001h) on all sides of the building, there is peeling, worn and missing paint.remove or cover all worn and peeling paint to avoid lead hazard. (see lead hazard warning)"